{"9.jpg": 0.7158951322251524, "14.jpg": 0.7333118047541218, "12.jpg": 0.766806710500382, "13.jpg": 0.7477246809448187, "11.jpg": 0.7092337679634666, "10.jpg": 0.7688968555109915}