{"images (13).jpg": 0.9321320957189199, "images (12).jpg": 0.31923173288103923, "images (15).jpg": 0.7068971849722537, "images (14).jpg": 0.9205416308247136, "images (17).jpg": 0.8300256415509928, "images (16).jpg": 0.5065382764705174, "images (11).jpg": 0.885432052528858, "images (10).jpg": 0.6467992417613299}