{"下载 (6).jpg": 0.7874085521315507, "下载 (1).jpg": 0.785349867234909, "下载.jpg": 0.780370707569095, "下载 (2).jpg": 0.7874640152948337, "下载 (3).jpg": 0.7864043096712272, "下载 (4).jpg": 0.7868292548670986, "images (31).jpg": 0.7869393574359648, "images.jpg": 0.7862017586117284, "下载 (5).jpg": 0.7889317755756464}